{
    "name": "root",
    "gauges": {
        "CubeAgent.Policy.Entropy.mean": {
            "value": 1.3480130434036255,
            "min": 1.347436547279358,
            "max": 1.4327031373977661,
            "count": 50
        },
        "CubeAgent.Policy.Entropy.sum": {
            "value": 2678.501953125,
            "min": 2670.161865234375,
            "max": 2876.867919921875,
            "count": 50
        },
        "CubeAgent.Environment.EpisodeLength.mean": {
            "value": 24.805194805194805,
            "min": 16.36521739130435,
            "max": 25.75,
            "count": 50
        },
        "CubeAgent.Environment.EpisodeLength.sum": {
            "value": 1910.0,
            "min": 1882.0,
            "max": 1957.0,
            "count": 50
        },
        "CubeAgent.Step.mean": {
            "value": 99987.0,
            "min": 1998.0,
            "max": 99987.0,
            "count": 50
        },
        "CubeAgent.Step.sum": {
            "value": 99987.0,
            "min": 1998.0,
            "max": 99987.0,
            "count": 50
        },
        "CubeAgent.Policy.ExtrinsicValueEstimate.mean": {
            "value": 1.2948787212371826,
            "min": 0.5173522233963013,
            "max": 1.4302626848220825,
            "count": 50
        },
        "CubeAgent.Policy.ExtrinsicValueEstimate.sum": {
            "value": 99.70565795898438,
            "min": 59.495506286621094,
            "max": 109.1208724975586,
            "count": 50
        },
        "CubeAgent.Environment.CumulativeReward.mean": {
            "value": 1.476623375694473,
            "min": 0.16956522879393204,
            "max": 1.6499999941963899,
            "count": 50
        },
        "CubeAgent.Environment.CumulativeReward.sum": {
            "value": 113.69999992847443,
            "min": 19.500001311302185,
            "max": 125.39999955892563,
            "count": 50
        },
        "CubeAgent.Policy.ExtrinsicReward.mean": {
            "value": 1.476623375694473,
            "min": 0.16956522879393204,
            "max": 1.6499999941963899,
            "count": 50
        },
        "CubeAgent.Policy.ExtrinsicReward.sum": {
            "value": 113.69999992847443,
            "min": 19.500001311302185,
            "max": 125.39999955892563,
            "count": 50
        },
        "CubeAgent.Losses.PolicyLoss.mean": {
            "value": 0.24922826692158165,
            "min": 0.23237806656614202,
            "max": 0.25563335299328727,
            "count": 50
        },
        "CubeAgent.Losses.PolicyLoss.sum": {
            "value": 4.236880537666888,
            "min": 3.9504271316244144,
            "max": 4.60140035387917,
            "count": 50
        },
        "CubeAgent.Losses.ValueLoss.mean": {
            "value": 0.7346571600270643,
            "min": 0.5926502563621887,
            "max": 1.1719375028363381,
            "count": 50
        },
        "CubeAgent.Losses.ValueLoss.sum": {
            "value": 12.489171720460092,
            "min": 10.667704614519396,
            "max": 21.094875051054085,
            "count": 50
        },
        "CubeAgent.Policy.LearningRate.mean": {
            "value": 3.0015107642352927e-06,
            "min": 3.0015107642352927e-06,
            "max": 0.0002968480010506666,
            "count": 50
        },
        "CubeAgent.Policy.LearningRate.sum": {
            "value": 5.102568299199997e-05,
            "min": 5.102568299199997e-05,
            "max": 0.005343264018911999,
            "count": 50
        },
        "CubeAgent.Policy.Epsilon.mean": {
            "value": 0.10100047058823532,
            "min": 0.10100047058823532,
            "max": 0.19894933333333334,
            "count": 50
        },
        "CubeAgent.Policy.Epsilon.sum": {
            "value": 1.7170080000000003,
            "min": 1.7170080000000003,
            "max": 3.5810880000000003,
            "count": 50
        },
        "CubeAgent.Policy.Beta.mean": {
            "value": 0.0005,
            "min": 0.0005,
            "max": 0.0005,
            "count": 50
        },
        "CubeAgent.Policy.Beta.sum": {
            "value": 0.0085,
            "min": 0.0085,
            "max": 0.009000000000000001,
            "count": 50
        },
        "CubeAgent.IsTraining.mean": {
            "value": 1.0,
            "min": 1.0,
            "max": 1.0,
            "count": 50
        },
        "CubeAgent.IsTraining.sum": {
            "value": 1.0,
            "min": 1.0,
            "max": 1.0,
            "count": 50
        }
    },
    "metadata": {
        "timer_format_version": "0.1.0",
        "start_time_seconds": "1744569728",
        "python_version": "3.9.21 (main, Dec 11 2024, 16:35:24) [MSC v.1929 64 bit (AMD64)]",
        "command_line_arguments": "C:\\Users\\brent\\anaconda3\\envs\\ML_agents\\Scripts\\mlagents-learn config/CubeAgent.yaml --run-id=CubeAgent4 --force",
        "mlagents_version": "0.30.0",
        "mlagents_envs_version": "0.30.0",
        "communication_protocol_version": "1.5.0",
        "pytorch_version": "1.7.1+cu110",
        "numpy_version": "1.21.2",
        "end_time_seconds": "1744571252"
    },
    "total": 1523.9617715,
    "count": 1,
    "self": 0.010768999999982043,
    "children": {
        "run_training.setup": {
            "total": 0.13009579999999943,
            "count": 1,
            "self": 0.13009579999999943
        },
        "TrainerController.start_learning": {
            "total": 1523.8209067,
            "count": 1,
            "self": 2.526190199995426,
            "children": {
                "TrainerController._reset_env": {
                    "total": 9.1796489,
                    "count": 1,
                    "self": 9.1796489
                },
                "TrainerController.advance": {
                    "total": 1512.0130228000046,
                    "count": 102990,
                    "self": 2.1079381000151898,
                    "children": {
                        "env_step": {
                            "total": 1189.9623811000117,
                            "count": 102990,
                            "self": 1029.244828300024,
                            "children": {
                                "SubprocessEnvManager._take_step": {
                                    "total": 159.1321093999951,
                                    "count": 102990,
                                    "self": 7.388975499997855,
                                    "children": {
                                        "TorchPolicy.evaluate": {
                                            "total": 151.74313389999725,
                                            "count": 100021,
                                            "self": 151.74313389999725
                                        }
                                    }
                                },
                                "workers": {
                                    "total": 1.5854433999926165,
                                    "count": 102990,
                                    "self": 0.0,
                                    "children": {
                                        "worker_root": {
                                            "total": 1512.0827971999818,
                                            "count": 102990,
                                            "is_parallel": true,
                                            "self": 619.7283598999853,
                                            "children": {
                                                "steps_from_proto": {
                                                    "total": 0.0004963000000000051,
                                                    "count": 1,
                                                    "is_parallel": true,
                                                    "self": 0.00020519999999990546,