{
    "name": "root",
    "gauges": {
        "CubeAgent.Policy.Entropy.mean": {
            "value": 1.3731310367584229,
            "min": 1.3713723421096802,
            "max": 1.422633409500122,
            "count": 75
        },
        "CubeAgent.Policy.Entropy.sum": {
            "value": 2714.68017578125,
            "min": 2713.418701171875,
            "max": 2848.572265625,
            "count": 75
        },
        "CubeAgent.Environment.EpisodeLength.mean": {
            "value": 25.013157894736842,
            "min": 7.828193832599119,
            "max": 26.12162162162162,
            "count": 75
        },
        "CubeAgent.Environment.EpisodeLength.sum": {
            "value": 1901.0,
            "min": 1775.0,
            "max": 1940.0,
            "count": 75
        },
        "CubeAgent.Step.mean": {
            "value": 149984.0,
            "min": 1995.0,
            "max": 149984.0,
            "count": 75
        },
        "CubeAgent.Step.sum": {
            "value": 149984.0,
            "min": 1995.0,
            "max": 149984.0,
            "count": 75
        },
        "CubeAgent.Policy.ExtrinsicValueEstimate.mean": {
            "value": 1.5319024324417114,
            "min": -0.5021729469299316,
            "max": 1.606963872909546,
            "count": 75
        },
        "CubeAgent.Policy.ExtrinsicValueEstimate.sum": {
            "value": 116.4245834350586,
            "min": -112.12126159667969,
            "max": 132.5595245361328,
            "count": 75
        },
        "CubeAgent.Environment.CumulativeReward.mean": {
            "value": 2.0907894498423527,
            "min": -0.97389379934927,
            "max": 2.3417721322820158,
            "count": 75
        },
        "CubeAgent.Environment.CumulativeReward.sum": {
            "value": 158.8999981880188,
            "min": -220.09999865293503,
            "max": 188.39999842643738,
            "count": 75
        },
        "CubeAgent.Policy.ExtrinsicReward.mean": {
            "value": 2.0907894498423527,
            "min": -0.97389379934927,
            "max": 2.3417721322820158,
            "count": 75
        },
        "CubeAgent.Policy.ExtrinsicReward.sum": {
            "value": 158.8999981880188,
            "min": -220.09999865293503,
            "max": 188.39999842643738,
            "count": 75
        },
        "CubeAgent.IsTraining.mean": {
            "value": 1.0,
            "min": 1.0,
            "max": 1.0,
            "count": 75
        },
        "CubeAgent.IsTraining.sum": {
            "value": 1.0,
            "min": 1.0,
            "max": 1.0,
            "count": 75
        },
        "CubeAgent.Losses.PolicyLoss.mean": {
            "value": 0.054630310100037605,
            "min": 0.03351074684178457,
            "max": 0.05938803750905208,
            "count": 72
        },
        "CubeAgent.Losses.PolicyLoss.sum": {
            "value": 0.054630310100037605,
            "min": 0.03351074684178457,
            "max": 0.05938803750905208,
            "count": 72
        },
        "CubeAgent.Losses.ValueLoss.mean": {
            "value": 0.751798901706934,
            "min": 0.2956083188764751,
            "max": 1.5421112924814224,
            "count": 72
        },
        "CubeAgent.Losses.ValueLoss.sum": {
            "value": 0.751798901706934,
            "min": 0.2956083188764751,
            "max": 1.5421112924814224,
            "count": 72
        },
        "CubeAgent.Policy.LearningRate.mean": {
            "value": 2.2654322006666745e-06,
            "min": 2.2654322006666745e-06,
            "max": 0.00019726133470266669,
            "count": 72
        },
        "CubeAgent.Policy.LearningRate.sum": {
            "value": 2.2654322006666745e-06,
            "min": 2.2654322006666745e-06,
            "max": 0.00019726133470266669,
            "count": 72
        },
        "CubeAgent.Policy.Epsilon.mean": {
            "value": 0.10113266666666668,
            "min": 0.10113266666666668,
            "max": 0.19863066666666668,
            "count": 72
        },
        "CubeAgent.Policy.Epsilon.sum": {
            "value": 0.10113266666666668,
            "min": 0.10113266666666668,
            "max": 0.19863066666666668,
            "count": 72
        },
        "CubeAgent.Policy.Beta.mean": {
            "value": 0.005,
            "min": 0.005,
            "max": 0.005,
            "count": 72
        },
        "CubeAgent.Policy.Beta.sum": {
            "value": 0.005,
            "min": 0.005,
            "max": 0.005,
            "count": 72
        }
    },
    "metadata": {
        "timer_format_version": "0.1.0",
        "start_time_seconds": "1744638097",
        "python_version": "3.9.21 (main, Dec 11 2024, 16:35:24) [MSC v.1929 64 bit (AMD64)]",
        "command_line_arguments": "C:\\Users\\brent\\anaconda3\\envs\\ML_agents\\Scripts\\mlagents-learn config/CubeAgent.yaml --run-id=CubeAgent8 --force",
        "mlagents_version": "0.30.0",
        "mlagents_envs_version": "0.30.0",
        "communication_protocol_version": "1.5.0",
        "pytorch_version": "1.7.1+cu110",
        "numpy_version": "1.21.2",
        "end_time_seconds": "1744640007"
    },
    "total": 1909.016676,
    "count": 1,
    "self": 0.009660100000019156,
    "children": {
        "run_training.setup": {
            "total": 0.0962231,
            "count": 1,
            "self": 0.0962231
        },
        "TrainerController.start_learning": {
            "total": 1908.9107927999999,
            "count": 1,
            "self": 3.8595807000385776,
            "children": {
                "TrainerController._reset_env": {
                    "total": 14.9253983,
                    "count": 1,
                    "self": 14.9253983
                },
                "TrainerController.advance": {
                    "total": 1890.046619599961,
                    "count": 155989,
                    "self": 3.1317693000098643,
                    "children": {
                        "env_step": {
                            "total": 1802.5088585999977,
                            "count": 155989,
                            "self": 1572.4840971000003,
                            "children": {
                                "SubprocessEnvManager._take_step": {
                                    "total": 227.6712479999931,
                                    "count": 155989,
                                    "self": 10.1342856999795,
                                    "children": {
                                        "TorchPolicy.evaluate": {
                                            "total": 217.5369623000136,
                                            "count": 150004,
                                            "self": 217.5369623000136
                                        }
                                    }
                                },
                                "workers": {
                                    "total": 2.353513500004297,
                                    "count": 155989,
                                    "self": 0.0,
                                    "children": {
                                        "worker_root": {
                                            "total": 1889.5497891999867,
                                            "count": 155989,
                                            "is_parallel": true,
                                            "self": 521.491092799956,
                                            "children": {
                                                "steps_from_proto": {
                                                    "total": 0.0006313999999996156,
                                                    "count": 1,
                                                    "is_parallel": true,
                                                    "self": 0.0003162999999979377,