{
    "name": "root",
    "gauges": {
        "CubeAgent.Policy.Entropy.mean": {
            "value": 1.038004994392395,
            "min": 1.038004994392395,
            "max": 1.3953992128372192,
            "count": 50
        },
        "CubeAgent.Policy.Entropy.sum": {
            "value": 2093.656005859375,
            "min": 2066.113037109375,
            "max": 2792.19384765625,
            "count": 50
        },
        "CubeAgent.Environment.EpisodeLength.mean": {
            "value": 23.011904761904763,
            "min": 17.19090909090909,
            "max": 26.875,
            "count": 50
        },
        "CubeAgent.Environment.EpisodeLength.sum": {
            "value": 1933.0,
            "min": 1880.0,
            "max": 1940.0,
            "count": 50
        },
        "CubeAgent.Step.mean": {
            "value": 99981.0,
            "min": 1987.0,
            "max": 99981.0,
            "count": 50
        },
        "CubeAgent.Step.sum": {
            "value": 99981.0,
            "min": 1987.0,
            "max": 99981.0,
            "count": 50
        },
        "CubeAgent.Policy.ExtrinsicValueEstimate.mean": {
            "value": 1.5323551893234253,
            "min": 0.48613283038139343,
            "max": 1.7254809141159058,
            "count": 50
        },
        "CubeAgent.Policy.ExtrinsicValueEstimate.sum": {
            "value": 128.71783447265625,
            "min": 52.98847961425781,
            "max": 140.2217254638672,
            "count": 50
        },
        "CubeAgent.Environment.CumulativeReward.mean": {
            "value": 1.6428571428571428,
            "min": 0.045,
            "max": 2.125,
            "count": 50
        },
        "CubeAgent.Environment.CumulativeReward.sum": {
            "value": 138.0,
            "min": 4.5,
            "max": 170.0,
            "count": 50
        },
        "CubeAgent.Policy.ExtrinsicReward.mean": {
            "value": 1.6428571428571428,
            "min": 0.045,
            "max": 2.125,
            "count": 50
        },
        "CubeAgent.Policy.ExtrinsicReward.sum": {
            "value": 138.0,
            "min": 4.5,
            "max": 170.0,
            "count": 50
        },
        "CubeAgent.Losses.PolicyLoss.mean": {
            "value": 0.2421409910131966,
            "min": 0.23265805413692323,
            "max": 0.251549110366762,
            "count": 50
        },
        "CubeAgent.Losses.PolicyLoss.sum": {
            "value": 4.116396847224342,
            "min": 3.8360884404423388,
            "max": 4.527883986601716,
            "count": 50
        },
        "CubeAgent.Losses.ValueLoss.mean": {
            "value": 1.5787736713218437,
            "min": 1.1435671194869883,
            "max": 2.003202686977202,
            "count": 50
        },
        "CubeAgent.Losses.ValueLoss.sum": {
            "value": 26.839152412471343,
            "min": 19.4406410312788,
            "max": 36.057648365589635,
            "count": 50
        },
        "CubeAgent.Policy.LearningRate.mean": {
            "value": 2.975040184823527e-06,
            "min": 2.975040184823527e-06,
            "max": 0.0002970165892297647,
            "count": 50
        },
        "CubeAgent.Policy.LearningRate.sum": {
            "value": 5.0575683141999955e-05,
            "min": 5.0575683141999955e-05,
            "max": 0.005239572053475999,
            "count": 50
        },
        "CubeAgent.Policy.Epsilon.mean": {
            "value": 0.10099164705882355,
            "min": 0.10099164705882355,
            "max": 0.19900552941176472,
            "count": 50
        },
        "CubeAgent.Policy.Epsilon.sum": {
            "value": 1.7168580000000002,
            "min": 1.7168580000000002,
            "max": 3.5465240000000002,
            "count": 50
        },
        "CubeAgent.Policy.Beta.mean": {
            "value": 0.0005,
            "min": 0.0005,
            "max": 0.0005,
            "count": 50
        },
        "CubeAgent.Policy.Beta.sum": {
            "value": 0.0085,
            "min": 0.008,
            "max": 0.009000000000000001,
            "count": 50
        },
        "CubeAgent.IsTraining.mean": {
            "value": 1.0,
            "min": 1.0,
            "max": 1.0,
            "count": 50
        },
        "CubeAgent.IsTraining.sum": {
            "value": 1.0,
            "min": 1.0,
            "max": 1.0,
            "count": 50
        }
    },
    "metadata": {
        "timer_format_version": "0.1.0",
        "start_time_seconds": "1744568040",
        "python_version": "3.9.21 (main, Dec 11 2024, 16:35:24) [MSC v.1929 64 bit (AMD64)]",
        "command_line_arguments": "C:\\Users\\brent\\anaconda3\\envs\\ML_agents\\Scripts\\mlagents-learn config/CubeAgent.yaml --run-id=CubeAgent3 --force",
        "mlagents_version": "0.30.0",
        "mlagents_envs_version": "0.30.0",
        "communication_protocol_version": "1.5.0",
        "pytorch_version": "1.7.1+cu110",
        "numpy_version": "1.21.2",
        "end_time_seconds": "1744569559"
    },
    "total": 1519.442938,
    "count": 1,
    "self": 0.009472699999832912,
    "children": {
        "run_training.setup": {
            "total": 0.0852617,
            "count": 1,
            "self": 0.0852617
        },
        "TrainerController.start_learning": {
            "total": 1519.3482036,
            "count": 1,
            "self": 2.709706499989352,
            "children": {
                "TrainerController._reset_env": {
                    "total": 9.604093299999999,
                    "count": 1,
                    "self": 9.604093299999999
                },
                "TrainerController.advance": {
                    "total": 1506.9030515000109,
                    "count": 102967,
                    "self": 2.09621100004415,
                    "children": {
                        "env_step": {
                            "total": 1186.96925289999,
                            "count": 102967,
                            "self": 1027.4966855999423,
                            "children": {
                                "SubprocessEnvManager._take_step": {
                                    "total": 157.94967100000235,
                                    "count": 102967,
                                    "self": 6.9774825000266105,
                                    "children": {
                                        "TorchPolicy.evaluate": {
                                            "total": 150.97218849997574,
                                            "count": 100021,
                                            "self": 150.97218849997574
                                        }
                                    }
                                },
                                "workers": {
                                    "total": 1.5228963000452147,
                                    "count": 102967,
                                    "self": 0.0,
                                    "children": {
                                        "worker_root": {
                                            "total": 1507.328413099997,
                                            "count": 102967,
                                            "is_parallel": true,
                                            "self": 617.6522445000029,
                                            "children": {
                                                "steps_from_proto": {
                                                    "total": 0.0005459000000005432,
                                                    "count": 1,
                                                    "is_parallel": true,
                                                    "self": 0.0002629000000018422,