{
    "name": "root",
    "gauges": {
        "CubeAgent.Policy.Entropy.mean": {
            "value": 1.3675086498260498,
            "min": 1.3674852848052979,
            "max": 1.420214295387268,
            "count": 75
        },
        "CubeAgent.Policy.Entropy.sum": {
            "value": 2748.6923828125,
            "min": 2703.400146484375,
            "max": 2853.48486328125,
            "count": 75
        },
        "CubeAgent.Environment.EpisodeLength.mean": {
            "value": 25.44736842105263,
            "min": 7.758771929824562,
            "max": 26.985915492957748,
            "count": 75
        },
        "CubeAgent.Environment.EpisodeLength.sum": {
            "value": 1934.0,
            "min": 1769.0,
            "max": 1945.0,
            "count": 75
        },
        "CubeAgent.Step.mean": {
            "value": 149974.0,
            "min": 1997.0,
            "max": 149974.0,
            "count": 75
        },
        "CubeAgent.Step.sum": {
            "value": 149974.0,
            "min": 1997.0,
            "max": 149974.0,
            "count": 75
        },
        "CubeAgent.Policy.ExtrinsicValueEstimate.mean": {
            "value": 1.5197333097457886,
            "min": -0.5288693904876709,
            "max": 1.7234859466552734,
            "count": 75
        },
        "CubeAgent.Policy.ExtrinsicValueEstimate.sum": {
            "value": 115.4997329711914,
            "min": -120.58221435546875,
            "max": 137.87887573242188,
            "count": 75
        },
        "CubeAgent.Environment.CumulativeReward.mean": {
            "value": 2.4197368241454424,
            "min": -1.0278760960935491,
            "max": 2.524358958770067,
            "count": 75
        },
        "CubeAgent.Environment.CumulativeReward.sum": {
            "value": 183.89999863505363,
            "min": -232.2999977171421,
            "max": 196.89999878406525,
            "count": 75
        },
        "CubeAgent.Policy.ExtrinsicReward.mean": {
            "value": 2.4197368241454424,
            "min": -1.0278760960935491,
            "max": 2.524358958770067,
            "count": 75
        },
        "CubeAgent.Policy.ExtrinsicReward.sum": {
            "value": 183.89999863505363,
            "min": -232.2999977171421,
            "max": 196.89999878406525,
            "count": 75
        },
        "CubeAgent.IsTraining.mean": {
            "value": 1.0,
            "min": 1.0,
            "max": 1.0,
            "count": 75
        },
        "CubeAgent.IsTraining.sum": {
            "value": 1.0,
            "min": 1.0,
            "max": 1.0,
            "count": 75
        },
        "CubeAgent.Losses.PolicyLoss.mean": {
            "value": 0.0636915576615138,
            "min": 0.033025755517883226,
            "max": 0.07044540302013047,
            "count": 72
        },
        "CubeAgent.Losses.PolicyLoss.sum": {
            "value": 0.0636915576615138,
            "min": 0.033025755517883226,
            "max": 0.07044540302013047,
            "count": 72
        },
        "CubeAgent.Losses.ValueLoss.mean": {
            "value": 0.6019125003367662,
            "min": 0.34738697204738855,
            "max": 1.441429141908884,
            "count": 72
        },
        "CubeAgent.Losses.ValueLoss.sum": {
            "value": 0.6019125003367662,
            "min": 0.34738697204738855,
            "max": 1.441429141908884,
            "count": 72
        },
        "CubeAgent.Policy.LearningRate.mean": {
            "value": 2.1374322646666575e-06,
            "min": 2.1374322646666575e-06,
            "max": 0.00019726133470266669,
            "count": 72
        },
        "CubeAgent.Policy.LearningRate.sum": {
            "value": 2.1374322646666575e-06,
            "min": 2.1374322646666575e-06,
            "max": 0.00019726133470266669,
            "count": 72
        },
        "CubeAgent.Policy.Epsilon.mean": {
            "value": 0.10106866666666667,
            "min": 0.10106866666666667,
            "max": 0.19863066666666668,
            "count": 72
        },
        "CubeAgent.Policy.Epsilon.sum": {
            "value": 0.10106866666666667,
            "min": 0.10106866666666667,
            "max": 0.19863066666666668,
            "count": 72
        },
        "CubeAgent.Policy.Beta.mean": {
            "value": 0.005,
            "min": 0.005,
            "max": 0.005,
            "count": 72
        },
        "CubeAgent.Policy.Beta.sum": {
            "value": 0.005,
            "min": 0.005,
            "max": 0.005,
            "count": 72
        }
    },
    "metadata": {
        "timer_format_version": "0.1.0",
        "start_time_seconds": "1744643465",
        "python_version": "3.9.21 (main, Dec 11 2024, 16:35:24) [MSC v.1929 64 bit (AMD64)]",
        "command_line_arguments": "C:\\Users\\brent\\anaconda3\\envs\\ML_agents\\Scripts\\mlagents-learn config/CubeAgent.yaml --run-id=CubeAgent3 --force",
        "mlagents_version": "0.30.0",
        "mlagents_envs_version": "0.30.0",
        "communication_protocol_version": "1.5.0",
        "pytorch_version": "1.7.1+cu110",
        "numpy_version": "1.21.2",
        "end_time_seconds": "1744645403"
    },
    "total": 1938.0092361,
    "count": 1,
    "self": 0.009835699999939607,
    "children": {
        "run_training.setup": {
            "total": 0.08448869999999986,
            "count": 1,
            "self": 0.08448869999999986
        },
        "TrainerController.start_learning": {
            "total": 1937.9149117,
            "count": 1,
            "self": 3.8526009999943653,
            "children": {
                "TrainerController._reset_env": {
                    "total": 11.9145158,
                    "count": 1,
                    "self": 11.9145158
                },
                "TrainerController.advance": {
                    "total": 1922.0723293000058,
                    "count": 155798,
                    "self": 3.1959377000132463,
                    "children": {
                        "env_step": {
                            "total": 1835.1026316000157,
                            "count": 155798,
                            "self": 1600.5151332000532,
                            "children": {
                                "SubprocessEnvManager._take_step": {
                                    "total": 232.21588189997757,
                                    "count": 155798,
                                    "self": 10.165570999972687,
                                    "children": {
                                        "TorchPolicy.evaluate": {
                                            "total": 222.0503109000049,
                                            "count": 150021,
                                            "self": 222.0503109000049
                                        }
                                    }
                                },
                                "workers": {
                                    "total": 2.371616499984979,
                                    "count": 155798,
                                    "self": 0.0,
                                    "children": {
                                        "worker_root": {
                                            "total": 1921.3811498000136,
                                            "count": 155798,
                                            "is_parallel": true,
                                            "self": 529.8508227999444,
                                            "children": {
                                                "steps_from_proto": {
                                                    "total": 0.0004811000000000121,
                                                    "count": 1,
                                                    "is_parallel": true,
                                                    "self": 0.00022179999999849542,